date,NA,de,en,es,fr,ja,ru,zh
2015-07-01,102.7335449151373,763.76592558461,3767.328604465,1127.485204043982,499.09287231531744,614.6371598859809,663.1992291520672,272.4985208073105
2015-07-02,107.66344694356286,753.3628614214953,3755.158765454061,1077.4854254298575,502.2978522539533,705.8132158590308,674.6770147161878,272.9067779896128
2015-07-03,101.76962881192216,723.074415389932,3565.225695988615,990.8959486384769,483.0075525135709,637.4516714174657,625.3297827610371,271.0971665242259
2015-07-04,86.85387056713122,663.537322889068,3711.7829316018856,930.3031510589624,516.2757847533633,800.897434568541,588.1718290119131,273.7123791992637
2015-07-05,96.25410514695736,771.3586568367699,3833.433024993329,1011.7595749391188,506.8716662733066,768.3523192536927,626.3853538892782,291.97771349681153
2015-07-06,110.18814681937351,849.0806358714434,4127.429066975007,1153.0918013430744,528.0727519471324,669.5444933920705,674.7646811492642,293.49063177963313
2015-07-07,116.86559955843798,823.4225319663633,3906.341723739216,1123.9424396723489,510.42648100070807,651.2989375485877,659.297617379117,293.1703372559332
2015-07-08,121.97978473851248,835.4553046883999,3685.854620652851,1090.8321895063095,501.0336322869955,647.3724280901788,656.2095304835319,300.82420616659
2015-07-09,106.40892783220644,804.3295127289483,3771.183714311127,1070.245812117187,495.8481236724097,631.0906452448821,672.2009810791872,298.9834330418776
2015-07-10,107.5148337242997,749.5936528049764,3749.860313083696,972.9523282414582,467.9431791361813,655.6783622700182,769.7875963559916,310.8197357175728
2015-07-11,80.85042086380571,693.4566294205737,3770.7493551543184,875.0256069662755,463.7384942176068,677.1350090697072,708.7627890679747,290.03372559332064
2015-07-12,83.58327583827791,822.6737703029605,4148.30957039936,996.952918603793,529.5782393202737,728.5180616740088,783.9852838121934,326.757872592203
2015-07-13,97.89568097143646,897.6529201704873,4108.832028817931,1131.0076009150616,516.4164503186216,648.557605597305,808.5812894183601,299.8468871211623
2015-07-14,110.45894853042638,854.2984679184426,4132.172907586943,1187.7566231274443,553.8417512390843,607.597408655092,783.7642606867554,283.2135296824666
2015-07-15,116.93273078515249,797.3646469300771,3820.0363781908745,1122.5125083019702,510.999350955865,608.9253174397512,750.1390329362298,277.7466307277628
2015-07-16,112.37298192355458,789.7384517912683,3865.118785021791,1068.8761715002584,499.6869247108804,696.5926405804613,764.9537491240364,277.04779435934523
2015-07-17,123.02242307161583,812.816150213109,3704.779284888375,961.9627333776106,481.0021831484541,833.9066079295154,755.4293622985284,278.2432450200513
2015-07-18,110.59079619152752,956.3728833083746,3575.875033354087,836.9722529702605,486.9009322633939,701.2216118165328,677.2567624386826,289.96739201893365
2015-07-19,101.74003035738926,902.9080175095036,3795.939384505915,895.2587262932625,527.8777436865707,687.6194869137082,750.1433076384022,326.9155874038525
2015-07-20,101.85566441286048,827.3826748070499,3989.287956950992,1051.6884362777655,514.7816851545905,687.7578647317958,769.690819901892,307.4452041285912
2015-07-21,126.03318614599144,771.6061513650501,3799.924352930712,1041.7517526381816,501.3542600896861,600.951127235035,749.0845129642607,302.4626257313786
2015-07-22,135.64143783634609,787.2030872019352,3740.162812416615,1072.0226551546011,504.4959877271655,602.9969422130085,731.1231254379818,306.2168167773322
2015-07-23,119.24106526838692,764.7166225089276,3683.8274926621007,1005.8203822596118,475.229879631815,572.8430681523711,657.0175192711984,272.52488330813225
2015-07-24,112.74734372843936,725.2326344891142,3581.257715912123,893.394804811453,444.9047675241917,521.1874060637471,582.9634898388227,236.69752153047136
2015-07-25,102.53180626466124,720.9161962907499,3588.383883305168,800.5394435834994,445.8567382582016,508.0355014252397,531.6035739313245,227.7276970613372
2015-07-26,97.61349523940942,753.5033982260109,3844.289869251979,882.8938085750129,483.7693533160255,543.9629955947137,593.9819201121234,245.87423575044372
2015-07-27,123.63874706775218,806.7126483124064,3906.368985146313,1016.8628883477236,468.98265282039176,525.6681005441824,641.915627189909,245.8474130563408
2015-07-28,116.95473989236926,800.291729063472,3848.914346704616,1009.3094974540624,463.1850365824876,513.8374708473698,618.4803784162578,242.69633817631976
2015-07-29,124.90789292120876,798.2444418845755,4491.55945921907,1020.63744373109,469.81767760207697,559.5305001295673,606.3687456201822,245.1142594175268
2015-07-30,119.03256519939283,762.9864646930077,3519.946500044472,970.7634122942956,448.534812367241,504.7996890386111,591.5365802382621,235.6780619288673
2015-07-31,200.13315854836483,714.6383481165765,3404.818464822556,877.0405874105232,421.3418102430965,473.0803835190464,581.0437981779958,222.08553020840185
2015-08-01,116.30916241203256,699.9085934800138,3410.765898781464,765.9896686591395,408.0493863582724,459.2175693184763,520.4516468114927,201.87259220301095
2015-08-02,211.65578860218025,723.9998272088469,3712.536689495686,840.8197181019851,416.4299032334199,512.3031873542368,580.8135248773651,221.7182302281244
2015-08-03,115.77694218297226,752.8296855201014,3503.1466690385128,866.5591469264261,424.7524781685154,553.4971754340503,737.1938332165382,246.0201170205772
2015-08-04,136.04877880502278,797.3467918442576,3776.3000978386553,1051.1672939266475,510.5319801746519,639.6291785436641,775.4909600560617,290.0341857866018
2015-08-05,139.1865599558438,763.4877318281304,3781.502890687539,1063.814035864512,492.5965895680906,629.7278569577611,741.6092501751928,300.7574781408192
2015-08-06,160.26059058920933,768.9042737011865,3788.7079516143376,1064.6573684598925,501.8290063724333,660.5413319512827,745.5651716888577,294.1953191769114
2015-08-07,157.9302469987581,784.4862919018547,3859.5442052832873,946.0002951811674,507.6302218550861,640.6037833635656,745.4197617379117,289.20997962001184
2015-08-08,195.4975162136056,709.2654648082018,3681.955127634973,870.3241089218508,512.9872551333491,657.5681264576315,682.6974071478627,288.72743409374795
2015-08-09,143.234855802401,791.2007833198941,3838.654407186694,951.6255626891004,530.003481236724,698.7953874060637,713.5840925017519,299.95043060942737
2015-08-10,166.5799641230854,756.1575279345698,3767.2514008716535,1017.2143753228544,487.3778026905829,691.8890904379373,708.8608969866854,280.6192229307738
2015-08-11,177.59169311439217,782.977709941251,3761.7587832429062,1180.7972105379677,503.2877625678546,659.4865509199275,741.302032235459,277.3298270988101
2015-08-12,135.3967158824341,788.059497753715,3774.810237481099,1187.728359530662,500.8103611045551,706.1381186835968,762.0950245269797,285.55913483663136
2015-08-13,154.6984959293501,803.3734592788849,3722.964244418749,1145.7317541140876,525.3018645267878,700.7946618294895,778.3576734407849,295.6660311616593
2015-08-14,148.86270180764456,765.3796797603962,3685.587876901183,978.4718470961552,527.3853552041539,735.0348276755636,785.5320252277505,284.9285385576228
2015-08-15,208.33593210983852,722.9012210574818,3683.988437249845,847.5097778761715,530.8054047675242,786.8360196942212,726.142046250876,296.8961278022484
2015-08-16,173.9148613219263,866.3693698882618,3930.54273770346,921.9299682680244,536.1554165683267,784.6845296708992,756.0153468815697,316.5975938465584
2015-08-17,150.35421553746377,851.0283953461583,3982.700702659432,1136.9521806508744,534.4014042954921,715.0136304742161,798.2763840224246,309.1419367562948
2015-08-18,154.01918035048985,834.9621011404216,3843.646624566397,1242.3593092760682,518.2779088978051,674.995128271573,814.7046250875964,306.4530274143712
2015-08-19,156.80943838829862,795.1457781361594,3691.290002668327,1251.0568961700244,491.2586145857919,638.0727649650169,723.4863349684653,286.2980080205115
2015-08-20,145.64281771767628,799.734189609492,3699.299430756916,1185.502029370526,462.4500236016049,575.2655610261726,620.7428871758934,243.66096903556635
2015-08-21,124.72864633641508,752.5610528740929,3626.372765276172,1082.3816692495018,496.2530092046259,596.811661052086,687.2185704274702,276.40503582933405
2015-08-22,91.28604939975162,659.2468033636678,3580.9231966556968,920.9448011216884,490.9276020769413,795.633013734128,695.7968465311843,319.7441982775623
2015-08-23,92.87643162688008,797.5248243289943,3967.524103886863,1074.1175558999337,566.46495161671,953.1434568541072,772.4253679046951,350.3260798106633
2015-08-24,113.51041810404304,845.1662250892755,3947.0698656942095,1325.9887093203454,566.3350837856974,751.7248509976678,877.3749824807288,316.96009466833215
2015-08-25,111.31095625776184,879.6867872364935,3746.044027394824,1539.1834550955648,558.3966839745102,763.0257061414874,955.9624386825508,305.09506278351193
2015-08-26,104.322202290603,802.8963253081442,3572.733789913724,1556.3204929525496,555.7968491857446,676.4028504793988,783.403714085494,318.2527775951614
2015-08-27,110.54712294742652,818.7087893099873,3570.49501912301,1509.9608147000222,548.4457163087089,734.3306037833636,804.2884372810091,322.3207547169811
2015-08-28,103.97467917759072,802.5596705448681,3463.2332562483325,1283.923326691757,520.7247462827472,747.0685669862659,785.6220042046251,311.88659522713823
2015-08-29,94.05602318200634,698.2967976039627,3559.4924842123987,989.5254962733378,520.7698253481236,739.4081368230111,744.7443587946741,318.9040168299257
2015-08-30,104.98813302056024,820.5487847022232,3752.239304456106,1197.0388163235186,572.7962591456219,780.8887276496501,803.1495444989489,338.7514298862665
2015-08-31,105.2718366220505,824.8076258495565,4066.653873521302,1485.5356800236143,567.1366532924238,718.7801502980046,749.8761037140855,306.95772796002893
2015-09-01,110.74686076997378,851.6205506278078,3642.031708618696,1566.3680171205076,555.400106207222,692.3506607929515,721.7133847231955,285.82433765038456
2015-09-02,137.12563819511522,852.592904043313,3656.3363870852977,1564.8356578850269,582.4785815435449,656.0776366934439,808.0856341976174,284.1290513444218
2015-09-03,127.10921760728576,886.5806934684944,3591.0616383527527,1518.285366393624,569.4635355204153,678.4478880539,831.1942536790469,293.4549996712905
2015-09-04,119.99634331447496,816.5335214837,3530.782086631682,1260.7270312154085,562.6122846353552,654.3501943508682,831.3527680448493,275.38439287357835
2015-09-05,127.7107768731889,782.8916599470107,3628.893000088944,1034.3332595380414,605.6516993155534,710.764394920964,808.5233356692362,300.533692722372
2015-09-06,117.55457430660964,877.1852897131666,3831.819798986036,1205.587262932625,627.1067382582015,766.1978750971755,892.106797477225,317.8856090986786
2015-09-07,131.90789292120877,892.9813961525169,4072.52103531086,1526.700243524463,603.5599480764693,663.9821197201347,845.7809390329362,281.6494642035369
2015-09-08,131.13101973230303,858.0643359060016,3906.633505292182,1583.3883846210613,586.9081307528912,649.6229593158849,881.1726699369307,268.8077706922622
2015-09-09,124.8180626466124,831.849498905656,3800.182068842836,1562.274297099845,603.6562426244984,649.9193573464628,901.0480028030834,261.37393991190584
2015-09-10,126.35469849592936,821.8173597511808,3700.820555012008,1473.0450889233266,572.7066320509795,613.1334024358642,837.1784863349685,248.3943856419696
2015-09-11,112.9114116186008,860.1387512959336,3834.922885350885,1252.2100214006346,554.452855794194,621.908059082664,811.6807288016819,259.3417263822234
2015-09-12,97.46860769973782,747.4864646930077,3755.936315929912,1005.0325437237104,602.5555817795611,653.8481471883907,777.1936229852838,292.13516534087177
2015-09-13,97.2128466951842,877.003743808317,4180.230765809837,1152.8159545421,696.9720320981827,715.3859030837004,890.6765241765943,299.1529156531457
2015-09-14,108.68311025251828,905.5063932726644,3986.5874766521392,1430.954099328463,620.7501180080245,650.4109354755118,865.5281709880869,256.4578265728749
2015-09-15,114.44307989512902,852.9159659025457,3833.1158498621367,1373.1010257545568,599.0967665801275,593.3613889608707,861.8595655220743,250.60002629675893
2015-09-16,124.4194839243825,841.07988710978,3719.1318598238895,1327.784370157184,628.2788529620015,594.3716506867064,932.4679046951646,256.3113536256656
2015-09-17,120.67538291706911,845.806819490842,3862.7896024192833,1509.0883329643568,614.4352135945244,635.945322622441,919.2640504555012,249.41345079218985
2015-09-18,123.19973782254726,824.5609376799907,3675.4768300275728,1250.1984355398126,586.6216072692943,649.8785695776107,893.132235459005,255.40385247518245
2015-09-19,110.99351455774804,802.5567330952655,3608.8808147291647,1009.9984502988708,565.3044607033278,684.029126716766,882.8426769446392,287.0401682992571
2015-09-20,101.22064302469988,922.0145720539108,4032.960775593703,1209.558630359383,615.3932617417985,680.6782067893237,1015.4380518570428,317.36197488659525
2015-09-21,117.5992134676418,897.5700380140537,4200.669260873432,1504.8237768430374,610.934918574463,815.9616999222596,994.9362999299228,277.60719216356586
2015-09-22,113.58734648820202,882.1697385093884,3920.8869518811703,1560.464615157553,591.8590984186925,764.1379113760041,960.8608269096004,266.1017684570377
2015-09-23,113.23113012280945,892.2177744499481,4020.600551454238,1562.137333038152,597.4176894028794,980.0218191241254,981.7194814295724,266.34685425021365
2015-09-24,124.66524078929211,881.6284990208501,3720.170906341724,1438.5429119622167,586.2734835968846,686.3611298263799,951.0239663629992,284.93261455525607
2015-09-25,116.39312819097556,854.9398110816726,3642.053233122832,1179.5949376429785,572.3332546613169,727.8169473956983,901.6484933426768,251.3058970481888
2015-09-26,102.99151372981925,765.9862919018547,3604.12665658632,1024.3683123016751,575.4174533868303,728.6065820160663,873.0835318850736,299.1602787456446
2015-09-27,100.08375879674348,848.2700725722843,3857.377968513742,1212.4764961995425,769.9783455274959,768.4323399844519,966.4421163279608,314.6423640786273
2015-09-28,130.80019318338623,892.7889644050225,4018.1323045450495,1492.876835657885,607.3383290063724,869.5910339466183,951.4864751226348,392.7844323187167
2015-09-29,123.41424037532772,858.418269784587,3734.086098016544,1561.7952918603794,588.6393084729762,678.7401399326251,948.7568325157672,313.3267372296364
2015-09-30,131.4879260383607,839.2742195599585,3872.191274570844,1541.1304700760093,609.7085201793722,662.8830266908526,963.4723896285916,266.0766550522648
2015-10-01,134.8804332827377,816.6997465729754,3734.2751489815887,1455.2861781418346,597.7023837620958,636.3210676341021,924.990189208129,281.9509565446059
2015-10-02,124.8859528080585,791.2864877318282,3728.8521302143554,1239.8701202863258,583.2638069388719,635.1740347240218,933.0303433777154,271.8109920452304
2015-10-03,107.51234993790534,860.089275429098,3815.520012452193,1015.7107224559072,591.7536582487609,761.6537963202902,958.913875262789,312.4631516665571
2015-10-04,115.97302331999448,893.899665937104,4204.563150404696,1169.563131872187,640.3595704507907,784.1172842705364,958.8428170988088,333.085990401683
2015-10-05,124.34876500620946,896.0767192719733,4104.878724539713,1426.5102206479226,626.5031862166627,709.6293858512568,903.1785564120532,284.4998356452567
2015-10-06,120.1509590175245,867.0049533463887,3841.162634528151,1521.6473323001992,588.4358036346472,681.2547810313553,902.3813594954448,279.2056406547893
2015-10-07,115.47743894025112,878.0660638175325,3919.424619763408,1513.168031879566,616.9706160018882,664.0781031355274,936.9815697266994,276.2784169351128
2015-10-08,116.72374775769283,856.3542218638406,3927.1620119185272,1449.6497675448306,609.7917158366769,697.1206530189169,934.138682550806,280.6042337781868
2015-10-09,113.85594038912652,845.035422186384,4017.3394556613,1263.949671610951,582.1329360396506,636.684115055714,892.6756832515767,306.7425547301295
2015-10-10,102.61722091900096,798.6147333256537,4094.04184826114,1063.9794849088628,612.4801156478641,706.3426794506349,860.358304134548,317.76385510485835
2015-10-11,98.73030219401132,906.1214145835734,4294.552966290136,1215.878532949598,661.6643261741798,771.4749935216378,950.3168185003505,324.3454079284728
2015-10-12,119.28598040568512,882.7627577468033,4393.948857066619,1617.2466976606893,627.0290889780505,769.8965016843742,947.741695865452,277.38971796726054
2015-10-13,114.57879122395474,885.7319433245018,4350.874366272347,1678.3611541583648,625.0351663913146,650.3738274164291,918.6809390329362,272.2895930576556
2015-10-14,118.916034221057,884.1924317474945,4520.566975006671,1645.0022138587558,632.2659310833137,622.1306556102617,937.396285914506,279.85175202156336
2015-10-15,122.67207120187663,880.5841492915563,4221.822823089922,1552.9050254593758,600.9698489497285,618.2762891940918,916.0407147862647,278.2124778121097
2015-10-16,117.66151510970056,821.3560649694736,3670.103308725429,1300.4339901114308,584.6738258201558,669.2734387146929,875.2117028731604,283.665965419762
2015-10-17,114.53525596798676,780.7049303075682,3751.520635061816,1104.0236144933954,586.2744866650933,719.4921482249288,857.2338472319551,318.07100124909607
2015-10-18,124.3106802814958,888.0769496601774,4053.505336653918,1297.1999114456498,627.4224097238613,759.9983415392588,944.199299229152,347.98080336598514
2015-10-19,131.62115358079205,900.3727681142725,4245.251578760118,1539.674931739355,626.7150696247345,675.4355532521379,932.5697967764542,303.2142528433371
2015-10-20,133.04132744583967,902.9415389932036,4269.657386818465,1599.9120360121024,622.3169105499173,659.0721948691371,911.1877365101612,300.8833081322727
2015-10-21,123.68497309231408,898.6720423914296,4249.640754247087,1608.410597003911,613.6270946424357,688.6545737237626,919.134968465312,318.0472026822694
2015-10-22,125.9603284117566,890.7504895749338,4147.059058970026,1533.763707475463,605.3214538588624,649.1932625032392,903.0103013314646,301.5814213398199
2015-10-23,116.94646060438802,850.5987213454671,3969.6365738681848,1289.8143310456792,585.4485485012981,693.852759782327,863.9234758234057,303.89593057655645
2015-10-24,100.57037394784048,788.1223361363898,3878.913457262297,1094.748431850048,632.0184092518291,689.7224669603524,852.0167484232655,334.808165143646
2015-10-25,102.79957223678764,897.6852321161157,4262.840967713244,1258.45657147074,644.8765636063252,715.2781031355273,935.9662228451296,364.3264085201498
2015-10-26,118.5885883813992,910.2609146411704,4324.162767944499,1521.4903697144125,668.9056525843757,657.5004405286344,934.369796776454,308.9404378410361
2015-10-27,120.96957361666897,875.6476212417924,4340.770345993063,1612.9237694635085,624.2987373141374,672.6842187095102,929.559285213735,300.2759187430149
2015-10-28,132.1330205602318,863.2395461352379,4235.320466067776,1578.5124345066786,625.6285107387303,619.0453485358901,905.7920812894184,299.0218263099073
2015-10-29,122.16013522837036,866.1230848980532,4036.677399270657,1446.550217696111,621.5693887184328,618.2395439232962,909.3533286615276,307.44928012622444
2015-10-30,118.9294880640265,839.0783895864532,3877.529218180201,1185.483728138145,627.7337738966249,712.3648613630475,884.5111422564821,294.4940503582933
2015-10-31,100.16323996136332,809.2915562723189,3777.803433247354,993.7786879197108,651.256077413264,674.32619849702,852.4129642606867,324.7448556965354
2015-11-01,107.31571684835104,939.8235226356412,3946.9621542292975,1049.2332669175707,682.025076705216,706.0731795802021,972.550525578136,352.7090263625008
2015-11-02,120.25548502828757,921.2811888031332,4366.6024637552255,1345.037414212973,647.8228109511447,826.0706400621923,933.0094604064471,310.22135296824666
2015-11-03,121.24865461570305,890.2241101255615,4197.666103353197,1457.2022728949894,621.7923648808119,722.2577351645504,924.7983882270496,300.7560975609756
2015-11-04,119.12432730785152,922.5903121760166,4097.080005336654,1548.1392517157406,650.5869129100779,613.5989634620367,1027.9827610371408,309.7360462822957
2015-11-05,120.28487650062095,895.3837115539684,4184.327136885173,1515.0695151649325,619.250649044135,621.1736719357347,993.1283812193412,296.7412398921833
2015-11-06,114.54732992962606,856.9295588065891,3870.1640576358623,1284.459818463582,634.3056407835733,692.5916558693962,951.1423966363,293.724278482677
2015-11-07,104.21588243411068,848.747206543025,3755.830116516944,1038.705630580769,700.0940523955629,743.4244104690334,976.577645409951,348.7334823483006
2015-11-08,107.67676279839934,1014.3185116922014,4100.0595036911855,1225.5341303224857,714.3680080245457,790.0034724021767,1013.7327960756832,374.95240286634674
2015-11-09,123.49848213053676,1011.4319202856814,4265.868495953037,1508.7741864069071,648.281567146566,691.8820938066857,1012.0503153468816,322.7819998685162
2015-11-10,129.37305091762107,1029.0191798179933,4090.861202526016,1571.8262858829607,630.4282511210762,649.5238662866027,1027.618360196216,307.02734862928145
2015-11-11,118.3255140057955,983.3350420458472,4049.8467935604376,1520.16382554793,742.0853198017466,620.7643430940658,1028.0292922214437,310.23785418447176
2015-11-12,119.45142817717677,932.3899896325308,3987.071155385573,1460.4970850859715,624.2866414916215,631.0476289194091,1082.835599159075,301.27302609953324
2015-11-13,113.82468607699738,900.4214376223937,3763.2698123276714,1240.530145376725,635.7348359688459,682.3932625032392,1007.8927820602664,304.9934258102689
2015-11-14,106.06561335725128,891.9886533809469,3861.876856710842,1068.9065751605049,741.107918338447,725.371184244623,983.9649614576034,332.592860429952
2015-11-15,116.41472333379328,1126.459854855431,4280.325224584186,1153.2162940004428,772.4021713476517,702.100025913449,1074.8231955150666,362.0646242850569
2015-11-16,125.2268524906858,1077.0378412625273,4369.511340389576,1399.4126632720831,704.2213240500354,653.5489505053123,1014.1638402242468,335.22950496351325
2015-11-17,134.59624672278184,1031.3784702223247,4168.819843458152,1526.4128846579588,908.6866886948312,649.7921741383778,1060.2480028030834,352.375451975544
2015-11-18,135.6456464744032,1056.5879506969245,4059.5353108600902,1608.2442624160578,652.3761505782393,645.4137341280125,1029.6049754730204,319.97482085332985
2015-11-19,136.43507658341383,1044.4528856122568,4020.057546918082,1480.4195262342262,637.3383880103847,633.6474734387147,999.4553608969868,308.0758004075998
2015-11-20,128.52697668000553,943.6401336251585,3929.0625277950726,1212.2366615009962,623.9742152466367,642.417776626069,976.6553608969868,306.9620011833542
2015-11-21,110.3040568511108,979.9504089390624,4155.357111091345,1021.447199468674,694.9878451734718,675.9824306815237,974.3712683952348,376.4398790349089
2015-11-22,116.69787498275149,1103.791844257574,4404.448456817576,1208.060216958158,753.0105617181969,716.0486136304742,1091.244078486335,411.2286503188482
2015-11-23,121.32102939147234,1042.9769611795875,4488.674019389842,1466.734115563427,669.4690228935567,783.2945840891423,997.3435178696566,336.92978765367167
2015-11-24,123.67600386366772,962.9594516760742,4250.102330338877,1592.2377684303742,670.1001888128393,787.2034724021768,1007.7211632796076,315.19295246860827
2015-11-25,123.26424727473436,947.5867411588526,4199.234412523348,1483.528226699137,671.5517465187633,678.2686706400622,1066.69663629993,310.7374268621392
2015-11-26,133.87242997102248,923.8035940559844,4035.838788579561,1347.031658180208,655.9163913146094,609.8429126716766,1020.7069376313946,297.91374663072776
2015-11-27,115.90175244928936,893.2104020274162,4014.013875300187,1150.1946719799278,687.5962945480293,608.6678932365897,965.2345480028032,287.7907435408586
2015-11-28,104.74775769283842,862.237818223707,4217.901805567909,956.7306471847096,679.9871371253245,669.0959315884944,973.9245269796776,328.2254289658799
2015-11-29,111.98806402649372,1032.7973735744729,4367.746731299475,1092.4473470592577,746.784163323106,710.8468515159368,1047.8456201822005,360.6875287620801
2015-11-30,124.9389402511384,983.7697269899782,4590.03233122832,1267.636410597004,696.6908779797026,640.8598600673749,1133.1956552207428,318.6491354940504
2015-12-01,132.26065958327584,930.5681373113696,4280.810771146491,1277.5646815733155,666.4067736606089,614.8693443897383,977.0302733006308,320.8215764906975
2015-12-02,136.94321788326204,932.8560649694736,4060.111980788046,1265.177551472216,682.75259617654,760.5686965535112,992.872529782761,332.13398198672013
2015-12-03,131.5013798813302,1049.50334062896,4088.938272703015,1202.0278208250313,647.1110455510975,653.3422130085514,984.0923615977576,322.4816251397015
2015-12-04,131.37470677521733,1134.5078331989405,3925.01627679445,1020.5515460113644,639.7204979938635,671.2645763151075,919.5388927820604,312.696601143909
2015-12-05,117.32385814819924,1062.87317129363,3871.1743751667705,832.2651464836543,655.870899221147,700.1100803316922,930.5264190609672,345.66267832489643
2015-12-06,114.40396025941769,1206.9997120147448,4168.892777728364,922.9412589476792,723.0899221147038,757.3012697590049,1085.3340574632095,383.3191111695484
2015-12-07,135.44011315026907,1345.68770878931,4564.108111713956,1123.6212087668807,707.2914208166155,653.0497538222337,982.2384022424668,336.09348497797646
2015-12-08,129.32130536773838,981.0599009330722,4334.574357377924,1181.905320640543,679.4881401935331,630.3064524488209,952.9596355991592,319.97442640194595
2015-12-09,149.72257485856215,930.2329800714205,4174.270968602687,1169.5868939561656,674.2249822987964,613.9390515677636,948.1613875262788,324.2815068042864
2015-12-10,134.50110390506416,922.7502015896786,4003.106599662012,1147.928566157479,657.8412202029738,634.5735164550401,957.228451296426,316.86831897968574
2015-12-11,132.2201600662343,862.30111738279,4034.7194698923777,962.2936314663124,641.425831956573,657.113915522156,944.8207428170988,314.9821182039313
2015-12-12,137.09969642610736,848.8107936873632,3847.321755759139,851.8645118441443,707.5189402879396,758.7937807722208,968.5128241065172,357.4851752021563
2015-12-13,113.44183800193184,965.5981453749567,4292.643111269234,953.3524463139252,767.2716544725041,785.1954392329619,1059.2214435879469,394.390243902439
2015-12-14,124.16482682489304,1053.5040893906232,4398.572222716357,1100.0953435170836,702.7327708284163,686.6587717025136,1015.988857743518,346.4289658799553
2015-12-15,130.44004415620256,949.1456629420574,4111.249355154318,1032.3124492657369,653.3990441350012,696.7833635656906,957.4560616678348,330.18992834133195
2015-12-16,142.1023871947013,950.1719847943784,4107.871697945388,998.0120286325732,676.5511564786406,681.2104690334284,989.909180098108,315.796528827822
2015-12-17,137.0347730095212,943.4327266443958,4087.040825402473,952.5773005682238,676.4705569978759,650.5254729204457,1001.0608969866854,300.5860232726316
2015-12-18,124.9000275976266,873.7034903812925,4083.194787868007,817.4157626743414,664.1197191409016,779.0100025913449,963.5843027330064,298.1078167115903
2015-12-19,111.21519249344556,868.3690243059556,4007.86680601263,767.8054018153642,684.3113641727638,728.140761855403,968.8502452697968,334.6499243968181
2015-12-20,113.627639023044,1009.431517106324,4224.2116427999645,829.5420264187145,744.0112107623319,774.3872505830526,1076.60511562719,372.32206955492734
2015-12-21,133.22899130674762,952.4642322313098,4445.240238370542,838.9962364401151,708.8966839745102,687.9459963721172,988.3208128941836,338.10650187364405
2015-12-22,128.10024837863944,875.8236378297431,4200.879569509917,791.5959707770644,641.9438871843286,662.2988338947914,974.0502452697968,336.1708631911117
2015-12-23,128.79695046226024,834.4662481280958,4185.561460464289,738.6050475979632,659.0958225159311,827.9817051049495,903.7388227049756,337.63138518177635
2015-12-24,108.15806540637506,793.9187305609953,3974.146268789469,670.454505202568,591.6857446306349,742.4006737496761,892.0274702172389,315.67359147985013
2015-12-25,99.18021250172484,936.3299735053564,3942.769056301699,661.1909822153347,616.5582369601133,919.3077481212748,883.1224947442187,323.98974426401946
2015-12-26,114.95556782116738,1015.9223015781592,4424.940407364583,778.6429783779795,659.6372433325466,1202.077377558953,846.4117028731605,374.3382420616659
2015-12-27,120.66089416310196,1042.6810275313903,4509.464199946633,791.2427127149288,696.6096884588152,836.337859549106,886.7922214435879,419.7220432581684
2015-12-28,127.93328273768456,960.0396843681604,4534.989460108512,876.9880451627187,692.0544016993156,852.918787250583,850.7414155571129,371.2168825192295
2015-12-29,128.64923416586174,983.5116922013592,4455.233033887753,888.8595675595897,705.7669931555346,787.7298782067893,805.8773651016118,348.12359476694496
2015-12-30,137.060438802263,926.3600967630456,4249.6015743129055,807.89011881042,688.9686098654709,804.8610520860326,751.7320953048353,345.0205772138584
2015-12-31,107.02504484614325,862.5479783435088,3994.576580983723,719.9231791011733,632.3368539060656,1196.407825861622,785.5749824807287,346.8442574452699
2016-01-01,109.04712294742652,1058.6602925930192,4452.585742239616,713.0857501291417,744.7327118244041,896.1973568281938,1000.0653118430272,515.8099401748734
2016-01-02,130.03429005105562,1077.0684252966248,4794.010095170328,853.2557744815881,775.3513098890725,1022.1570873283234,1039.5526979677643,430.8480047334166
2016-01-03,113.3008141299848,1135.0867411588526,4934.95139197723,877.7482104641724,891.4498465895681,976.6774293858512,1025.4424667133846,472.5919400433896
2016-01-04,130.69373533876086,1161.1321852321162,4991.790402917371,950.8354364991512,818.3957399103139,887.2111946100026,1038.7961457603365,385.3588850174216
2016-01-05,140.13785014488755,1067.94246054602,4511.059058970026,1060.1586598774998,789.7857564314373,906.2904897641876,994.6316748423266,376.316087042272
2016-01-06,168.5703739478405,1104.8182813039973,4534.965400693765,962.942365877057,755.4887892376681,907.1092511013215,1056.6985283812194,385.0283347577411
2016-01-07,136.81109424589485,1079.5937104020277,4499.173041003291,1002.35620987381,719.3125442530092,898.9070743715988,1031.6550805886477,378.6911445664322
2016-01-08,132.28363460742375,1069.3871097799793,4409.173396780218,1092.7031215408456,723.455451970734,943.8157035501424,1043.399018920813,373.7798303859049
2016-01-09,112.0987305091762,1057.6168644165418,4593.352574935516,1060.4486753745111,794.0798324286052,914.5918631769888,1162.1799579537492,404.1901255670239
2016-01-10,119.90430522975024,1193.9595668701763,4820.317664324469,1162.187587631909,850.5883290063724,1197.631510754081,1115.1275402943238,421.7917296693183
2016-01-11,139.93852628673935,1299.7218062435204,6517.337232055501,1559.2395395173787,927.6636181260326,1521.8865509199277,1163.8371408549403,428.3124054960226
2016-01-12,131.9603284117566,1134.252102292363,5240.687627857334,1451.23562836691,767.100778852962,1096.205182689816,1083.271899088998,399.8602984682138
2016-01-13,133.01455774803367,1090.2608570441191,4636.996264342258,1349.411187366246,764.2613287703564,939.0250323918114,1063.0392431674843,392.9495759647624
2016-01-14,131.03808472471368,1141.12682870637,5095.250956150494,1350.3983469854622,773.472976162379,894.9569318476289,1242.0727400140154,410.33028729209127
2016-01-15,128.10714778529046,1177.7164497177744,4705.893889531264,1220.4305217327135,745.3773306584848,949.3194610002593,1148.8300630693764,474.6743803826178
2016-01-16,116.22002207810128,1097.3295127289482,4608.161611669483,1068.201387351487,755.4504956337031,959.7433013734128,1148.6852838121931,718.0627835119321
2016-01-17,123.77024975852076,1211.6609261605806,4974.158098372321,1102.1095860084126,795.4078357328299,1020.7764705882352,1167.6875963559917,565.3987903490895
2016-01-18,147.31109424589485,1143.273528395346,5076.1125589255535,1293.8980887019409,735.258437573755,992.8637989116352,1125.7827610371407,437.3659194004339
2016-01-19,151.89871671036292,1139.6750950351343,4918.258071689051,1384.740019186776,755.932322397923,973.9060378336357,1127.1439383321654,395.8483334429032
2016-01-20,164.02594176900786,1131.9137772146066,4645.50996175398,1371.751605047598,743.2412084021713,848.9478103135527,1074.8028030833918,395.3105647228979
2016-01-21,151.01635159376295,1063.1715816150213,4590.04994218625,1356.333554719209,711.379100778853,899.2396475770925,1095.9341275402944,394.01393728223
2016-01-22,145.69007865323582,1096.1724455707867,4692.298763675176,1269.9564607778025,739.8459995279679,982.5885980824048,1093.1592151366503,384.14759055946354
2016-01-23,130.00213881606183,1006.948105057021,4529.163746331051,1038.2307578776474,780.9278380929903,952.0711065042756,1079.9637701471618,405.1646177108672
2016-01-24,127.46212225748586,1141.918096993434,4894.871253224228,1170.6840823555458,785.1999645975926,1030.496398030578,1182.624106517169,388.1763197685885
2016-01-25,146.3040568511108,1120.9766731943323,5295.930934803878,1429.4148771308392,714.5912202029738,870.4846851515937,1116.487526278907,360.3852475182434
2016-01-26,154.21381261211536,1073.98657988711,4778.658231788669,1512.9467935945686,701.7215600660845,830.0043016325473,1090.7185704274702,357.89994083229243
2016-01-27,135.14405961087346,1062.2355719387167,4678.307257849328,1602.059257619364,744.809476044371,816.687380150298,1109.3232655921513,374.1841430543686
2016-01-28,133.0469849592935,1054.3815804630804,4395.42470870764,1435.0399232528964,730.3765046023129,775.3480176211453,1043.824737210932,379.350930247847
2016-01-29,126.34338346902166,1005.803133279576,4402.406341723739,1170.8721865544978,660.2797970261978,946.287691111687,1058.9540294323756,381.7088291368089
2016-01-30,114.67096729681248,1042.7406404792075,4442.868006759762,1076.3946572208692,691.5673235780033,955.0991966830784,1147.5006306937632,386.01485766879233
2016-01-31,118.10059334897198,1213.5014975233269,5037.282753713422,1302.2741495092614,807.5391196601369,980.7141228297486,1116.7994393833217,378.7360462822957
2016-02-01,140.9100317372706,1166.7458242138002,5285.562794627768,1332.306176665929,728.9873731413736,846.9369784918373,1070.2551506657323,391.0368154624943
2016-02-02,140.32206430246998,1056.738106208962,5287.937827981856,1461.5099254667552,742.9545079065376,840.4486136304743,1498.1864751226349,367.9335349418184
2016-02-03,142.20574030633367,1041.8560073724225,4939.645112514453,1544.7953656556713,762.6017229171583,914.7595231925368,1731.8754730203225,365.03129314312014
2016-02-04,140.91927694218296,1012.3393042276236,4791.640265053811,1516.6550070105527,698.0153410431909,837.2560767038093,1054.304414856342,352.2685556505161
2016-02-05,143.39230026217746,948.3574472986984,4884.88739660233,1272.9986716847466,675.601427897097,899.838818346722,971.0730903994394,361.0972980080205
2016-02-06,127.63177866703464,926.3721345467112,4475.719025171217,1107.3638845841635,678.0587679962238,896.4708473697849,1039.8133146461107,366.672079416212
2016-02-07,131.11832482406513,1085.916369081903,5110.670861869608,1225.9673824809977,767.9510266698136,939.391915003887,1074.049474421864,321.81618565511803
2016-02-08,160.82454808886436,1182.525803478862,5893.195454949747,1558.0769684894103,777.3474156242625,828.7756931847629,1061.9265592151366,360.7267109328775
2016-02-09,157.76866289499102,1051.070844372768,4874.783821044205,1554.2456645266032,722.777023837621,885.3612853070744,1002.6880168185004,382.7877851554796
2016-02-10,151.26279839933767,1014.5357677686902,4876.732544694477,1878.1008781639728,735.2260443710172,894.5366157035502,1026.454870357393,379.11675760962464
2016-02-11,194.33869187249897,1014.2244557078676,4358.215156097127,1598.7099845029886,743.314432381402,1001.627831044312,1053.227750525578,407.8692393662481
2016-02-12,154.97909479784738,970.3482317705334,4592.476385306413,1285.705040218434,734.3661198961529,1065.1952837522674,1024.3852838121934,435.9971073565183
2016-02-13,128.8770525734787,970.9971201474484,4614.392066174509,1144.773817430448,722.1266226103374,1024.983519046385,1065.3990889978977,451.7327591874301
2016-02-14,124.08417276114254,1081.746976154821,5142.969314239972,1322.9026640100362,773.551687514751,1052.2695516973308,1156.1222845129644,477.0426007494576
2016-02-15,136.5489167931558,1062.9115885266674,5169.37876901183,1490.7564017415689,743.4061246164739,842.0528634361234,1089.261037140855,401.1003878771941
2016-02-16,136.93645646474403,1040.6312636792995,5391.242595392689,1607.8696037192826,706.7980292659901,783.6510494946878,1037.3133146461107,387.6749720596936
2016-02-17,136.15254588105424,1011.6399032369544,4943.381437338789,1684.4843922957716,750.1973094170404,783.3099766778959,1007.8601261387528,400.2597462362764
2016-02-18,135.78749827514832,949.3387282571132,4592.063461709508,1568.6404693380562,790.8921406655653,836.0140450894014,971.1255080588649,372.1592926171849
2016-02-19,132.4585345660273,909.550224628499,4508.779818553767,1309.5498487196517,654.8015695067264,827.9720653018917,965.8096706377016,379.6817434751167
2016-02-20,123.627639023044,945.2487040663518,4516.395890776483,1132.7333038152167,710.4508496577768,921.2851515936773,952.1990189208128,426.1132732890672
2016-02-21,151.72650752035324,1040.8182813039973,4925.304278217558,1319.661722382112,754.2531862166627,951.5632029023064,986.0694463910302,436.971270790875
2016-02-22,133.68504208638058,1038.966420919249,5291.993596015298,1503.3613755442402,756.0861458579184,806.6364861363047,1001.1997196916608,400.08401814476366
2016-02-23,138.74465295984547,957.0095611104712,4809.649826558748,1574.8538115268243,716.7176658012745,765.4432236330656,1062.6773651016117,369.61646177108673
2016-02-24,151.838829860632,1103.449832968552,4825.908698745886,1569.9627333776104,727.7625678546141,730.9923296190723,970.468185003504,369.7491289198607
2016-02-25,163.22036704843384,1005.8945973966132,4872.924130570133,1472.1737879123311,722.4152112343639,687.2910080331692,961.7895585143658,381.6847018604957
2016-02-26,159.23464882020147,972.665706715816,4554.406341723739,1238.8112316434213,730.0322751947133,792.0940139932625,943.7468815697268,381.18815331010455
2016-02-27,136.04139643990618,873.0209653265753,4502.658632037713,1117.759058372076,719.8943238140193,812.975434050272,998.8824807288016,433.4225889159161
2016-02-28,154.18090244238996,1144.9934915332335,4905.16983901094,1339.6561139399307,784.1321689874911,848.6041461518528,1155.502102312544,479.0955887186904
2016-02-29,152.35000689940665,1236.7307337864302,6466.498754780752,1874.3138513762824,823.9398159074817,792.7495724280902,1225.481359495445,543.9300506212609
2016-03-01,158.8933351731751,1015.5835157239948,4932.2404162590055,1690.18921112833,738.1473330186452,720.2958797615963,1030.646741415557,399.0385904937216
2016-03-02,160.94107906720023,1017.5979725838037,4857.324023837055,1682.464615157553,751.0118008024546,797.8169992225966,1017.6914505956552,378.7953454736704
2016-03-03,162.44425279425968,1036.2161617325194,4793.2056390643065,1627.2440410301822,705.1637951380694,731.2507385332988,1046.0288717589349,366.50522648083626
2016-03-04,161.97398923692563,949.6695657182352,4715.8656942097305,1461.0685558261382,676.1333490677366,855.415237108059,965.9039243167484,389.277628032345
2016-03-05,161.62370636125294,894.0766040778713,4935.38463933114,1295.094088997122,681.9684918574463,878.0516195905675,1096.6913104414857,429.95647886398
2016-03-06,158.51255692010488,1111.479553046884,5359.430534554834,1454.7693897129363,779.1570686806702,961.509717543405,1084.866783461808,454.1615935835909
2016-03-07,166.38719470125568,1051.410666973851,5311.662145334875,1649.3051435318428,737.9097238612226,835.343353200311,1136.8222144358797,387.2422588915916
2016-03-08,167.50620946598593,1006.951848865338,4818.135817842213,1746.2211644897056,714.8978050507435,808.2545737237626,1140.775963559916,378.75708368943526
2016-03-09,153.00048295846557,977.1044234535192,4706.714177710575,1704.8000147590585,789.2488199197545,813.286084477844,1099.627259985985,389.6840444415226
2016-03-10,141.86139092038084,925.0683676995736,4347.988793026772,1551.7430447937422,681.2112343639368,732.5826898160145,1028.3768745620182,385.4225231740188
2016-03-11,141.72843935421554,951.5584034097454,4289.292092857778,1373.3284628440706,673.9746282747227,824.6243068152371,1039.3164681149265,406.7778581289856
2016-03-12,130.07748033669105,890.9132588411474,4106.343547095971,1118.2744446904287,636.78375029502,832.5885462555066,999.177224947442,449.49937545197554
2016-03-13,123.91596522699048,1064.6206658219098,4164.157876011741,1328.2697955870417,737.24091338211,909.5211712878984,1107.2557813594954,454.6127802248373
2016-03-14,136.1624120325652,1082.8800829397535,4566.405496753536,1546.9786731606523,719.0621312249233,808.4961907229853,1047.0608969866853,410.1393070804023
2016-03-15,133.83648406237063,1000.1752102292364,4220.817931157165,1606.7288023024132,721.4861930611281,811.9005960093289,1063.399299229152,396.81815791203735
2016-03-16,131.5766524078929,1003.6363322197903,4470.810860090724,1645.8450298870932,738.1643261741798,804.3078517750713,1083.2112824106516,382.4544079942147
2016-03-17,135.64336967020836,920.9994240294895,4201.898781464022,1489.281160061988,679.8429313193298,815.5865768333765,1067.7917309039944,385.4085201498915
2016-03-18,126.5080033117152,1013.3534731021772,3898.719692252957,1234.522692052247,655.2338329006373,830.7996372117129,987.6921513665033,434.2845309315627
2016-03-19,123.02407892921208,857.5511461813155,3833.741127812861,1031.8332226403954,651.1190110927544,909.6715729463592,1008.4151366503154,435.8783774899744
2016-03-20,119.1731061128743,965.871904158507,4071.4292893355855,1131.2982067744078,756.783101250885,945.038144597046,1047.426419060967,449.9899414897114
2016-03-21,131.68159238305506,970.3003686211266,4177.160722227163,1232.6037930780017,706.9323814019353,903.4813164032132,1025.2978976874565,397.5513115508514
2016-03-22,140.30384986891127,925.2953576776868,3976.605309970648,1236.3992325289646,649.2261033750295,822.3025654314589,1133.25087596356,374.1661955164026
2016-03-23,128.62432730785153,952.800771800484,3989.07417948946,1120.487344107446,999.4028793957988,747.8179839336616,968.8458304134548,370.8944842548156
2016-03-24,133.51704153442805,983.640997580924,3951.0070265943255,1114.998597889455,714.6882227991504,717.1147965794247,1010.4632796075684,401.72736835185066
2016-03-25,137.4818545605078,1212.3379218983987,4056.920217023926,1152.533835141318,667.3297144205806,761.5463073335061,978.5743517869656,392.7601078167116
2016-03-26,145.3562853594591,892.6144453403986,4021.021124255092,1177.6062283226331,636.8152584375738,794.2289194091734,994.7031534688156,413.93787390704097
2016-03-27,128.72540361528908,1028.3201820066813,4295.861513830828,1310.781565936093,726.3080009440642,864.6658201606634,1035.5053258584444,433.559463546118
2016-03-28,162.39388712570718,1076.2499136044237,4507.925776038424,1539.215113275773,788.8794548029266,811.6891422648355,1044.8733707077786,401.6289527315759
2016-03-29,168.348834000276,1124.9705679069232,4289.647514008717,1501.153789388237,700.8040476752419,737.7426276237367,1003.6182200420462,375.3416606403261
2016-03-30,170.1900096591693,992.6048842299274,4055.887441074447,1531.0944579735813,745.6197191409016,732.9173360974346,939.8500350385424,387.22904477023206
2016-03-31,164.28149579136195,902.063356756134,3934.262607844881,1473.7524167958084,681.8354968137834,725.1676081886499,1028.776664330764,365.6056143580304
2016-04-01,148.3900234579826,984.6922589563414,3903.384550386907,1261.4262416057857,632.1624970497994,864.8290230629697,928.7462508759636,399.6502531063047
2016-04-02,125.858976128053,842.7023384402719,4608.253268700525,1150.0128403807837,650.0368775076705,847.2316662347758,1042.3423966363,503.1294457958057
2016-04-03,147.37422381675177,924.9207464577812,5038.587209819443,1341.7252601284038,700.5699787585556,944.144337911376,1152.7934828311145,500.3086582078759
2016-04-04,149.2670760314613,1012.3948277848174,5188.155163212666,1558.8723341450816,702.2743096530564,876.3833117387925,1051.0306937631394,503.11524554598645
2016-04-05,167.23471781426798,1007.7409284644626,4917.6670372676335,1591.9954246919046,694.669990559358,776.4833894791396,1030.0374211632795,482.4231148510946
2016-04-06,172.80488477990892,960.6787236493492,5016.388552877346,1664.6746365581876,658.5964125560538,778.6952578388183,1008.8226348983882,419.6465715600552
2016-04-07,159.4477024975852,960.6862688630342,4311.594592190697,1569.867316065235,643.9952796790182,842.0060119201866,994.9818500350384,389.9363618434028
2016-04-08,156.573823651166,1022.8465614560536,4147.84577070177,1310.4052099476053,623.0473212178429,802.6982119720135,904.5029432375612,457.9583196371048
2016-04-09,171.87339588795365,857.9271973274969,4262.555545672863,1087.4125894767917,599.5616001888128,952.962477325732,874.6588647512264,469.4330418775886
2016-04-10,202.9007865323582,1009.4902660983756,4510.245308191764,1317.9214080141687,664.7302336558886,1029.38901269759,1069.361317449194,483.952665833936
2016-04-11,153.38346902166413,971.4540951503284,4578.225251267455,1611.5467493173935,688.5584139721501,807.4424462295932,998.4274001401542,421.8751561370061
2016-04-12,155.10487098109562,998.399320354798,4345.311838477275,1560.9457604604827,671.8396270946424,747.7146410987302,1101.686054660126,394.4154887910065
2016-04-13,156.08976128052987,970.6611565487848,4307.4124788757445,1567.567043022655,726.4905003540241,754.6599118942731,977.9555010511564,404.967260535139
2016-04-14,163.20967296812475,906.897650040318,4149.375567019479,1555.9367574348755,916.2209700259616,904.7756931847628,945.372599859846,408.6504503319966
2016-04-15,184.65385676831792,932.3388434512152,4031.62167570933,1289.6859272378422,1062.284163323106,870.0484063228815,937.9459004905395,407.4395503254224
2016-04-16,144.76348834000277,859.6203202396038,3916.293649381837,1067.4875654933214,1026.2809181024309,946.2995594713656,878.2675543097407,431.4117415028598
2016-04-17,160.27052573478682,1031.0728602695542,4206.679845237037,1291.575086709468,1136.8428723153174,1000.0223892200052,935.6324456902591,442.9569390572612
2016-04-18,168.35531944252793,979.5160119801866,4496.596237658988,1497.244114825474,1076.117004956337,829.6623477584867,932.7107217939732,400.4601275392808
2016-04-19,174.801918035049,949.0586337979496,4438.135106288357,1579.510146852631,1105.7744866650933,831.5182689816014,978.9314646110722,380.4300177503123
2016-04-20,179.75665792741825,899.9465499366432,4459.948590233923,1618.7650357907166,1081.9440641963654,726.6400621922778,1035.4974071478628,378.8088883045165
2016-04-21,183.9187939837174,930.5551779748876,5047.804011384862,1601.9938011954837,1148.71235544017,767.3406063747085,1066.391800981079,375.0073630924989
2016-04-22,177.55864495653373,925.359002419076,4795.017077292538,1391.9985240941628,1139.9187514751004,809.1782327027728,1012.7159775753328,389.7725987772007
2016-04-23,183.64123085414656,879.2700149752333,4350.385973494619,1168.3163604162055,1121.605971206042,885.5281160922519,920.3248773651017,414.33955689961215
2016-04-24,216.60045536083896,1065.7785393387858,4677.77568264698,1345.3258800088554,1163.2246282747226,962.9774034724022,1090.9416257883672,430.6993623035961
2016-04-25,211.96736580654064,1028.529374496026,4749.621675709331,1477.266917570659,841.6015459051215,800.2833894791397,1147.3958654519972,388.2141871014397
2016-04-26,213.8288947150545,1017.4859463195484,4368.01062883572,1584.1693601948195,703.2455746990795,780.7327286861881,990.5946040644708,367.5193609887581
2016-04-27,223.55264247274732,951.6755558115424,4294.907586942987,1503.7427496125747,701.6856856266226,710.5604042498056,929.8346180798878,377.3394254158175
2016-04-28,224.4367324410101,916.7078677571708,4277.264786978564,1423.164489705557,686.8284163323106,697.7221559989634,967.9910301331464,376.1564657156006
2016-04-29,198.10162825996963,886.2521022923627,4053.305701325269,1195.7658475389271,665.6980764691999,859.7537704068411,864.75423966363,374.0623890605483
2016-04-30,166.9988271008693,809.9304227623546,4181.160633282932,1057.0922441148257,662.8251121076233,809.0504275719098,885.9622985283812,405.3780816514365
2016-05-01,191.4071339864772,963.8300311024076,4366.686516054434,1268.2027156667405,749.2409723861223,852.9623736719358,936.160056061668,436.4570376701072
2016-05-02,205.86877328549744,895.6552816495796,4666.543538201548,1493.8811895801048,685.225572338919,818.1181135009069,916.534968465312,414.8404444152258
2016-05-03,199.503518697392,937.1993433936184,4530.890109401405,1575.3868349199322,694.5889190464951,928.2115055713916,969.3731604765242,395.5910853987246
2016-05-04,196.30543673244105,874.6272894827785,4493.677354798541,1545.9266474798908,747.3204507906538,892.5257838818346,984.5370707778555,377.2701334560516
2016-05-05,237.4025803780875,806.8260569058864,4207.807257849328,1483.4998155117703,644.4805876799622,972.5821715470328,960.2037841625788,365.0151863782789
2016-05-06,312.12253346212225,787.4183849786891,4246.341857155563,1313.9224411482548,640.0877979702619,988.7166105208604,982.747792571829,370.1471303661824
2016-05-07,291.3080585069684,733.2049303075682,4194.581962109757,1081.4150247214227,639.8871253245221,940.7697330914744,1025.8831814996497,408.6328972454145
2016-05-08,297.1325376017663,841.2749683216219,4488.050431379525,1217.283816692495,728.9837148926127,941.6412023840372,936.7567624386826,412.6249424758399
2016-05-09,329.43969918587004,936.7260108282456,4544.036022413947,1471.8117482104642,766.1872197309417,897.203576055973,1023.775262789068,371.8040891460128
2016-05-10,281.33234441838005,932.6333371731369,4377.991772658543,1506.4411482547414,744.0120368185037,783.578647317958,1055.1372109320253,387.38288080994016
2016-05-11,183.90368428315165,879.9326114502937,4207.978386551632,1521.3274297099845,746.5966485721029,768.3636693443898,1008.9655220742816,373.2028137532049
2016-05-12,174.7006347454119,904.1904734477596,4261.435515431825,1463.4754630654563,733.9588151994336,810.5931070225447,1008.89327259986,365.39142725659065
2016-05-13,166.7384434938595,890.8149982720885,4111.966601440897,1205.878385359014,703.3316025489734,815.0483026690853,918.223756131745,363.4407994214713
2016-05-14,149.6652407892921,918.8542794608916,4226.714933736547,1106.539664969375,740.5617772008496,893.546255506608,1004.6936930623688,394.3911642890014
2016-05-15,169.19380433282737,1033.0619744269093,4587.60695543894,1253.9162423437383,736.8062898277083,946.5668307851776,1203.6116327960756,412.15173229899415
2016-05-16,175.54332827376845,1087.9132012440964,4666.069154140354,1455.52955501439,753.9949846589568,895.4274682560249,1024.416608269096,364.4001051870357
2016-05-17,174.04388022630053,954.1321276350652,4368.4035399804325,1596.2560696627554,683.1167689402879,823.7928478880539,984.0599159074984,361.92275327065937
2016-05-18,165.47743894025115,889.6082248588872,4334.490527439296,1760.223009372002,694.1171819683739,724.4803835190464,946.7300630693765,353.0520018407732
2016-05-19,165.65537463778116,877.9892293514572,4209.134127901805,1473.20190391853,674.4805876799622,913.532987820679,971.192571829012,351.2548813358753
2016-05-20,150.29025803780874,845.4420573666629,3945.143689406742,1331.7797210537967,634.0990087325938,844.8817310183986,881.5976874562018,397.5083820919072
2016-05-21,153.91920794811645,786.1735399147564,4303.048563550654,1165.515164932477,671.0282629218786,892.7629437678155,890.7257883672039,417.3354809019788
2016-05-22,157.5396715882434,873.407153553738,4277.376100684871,1293.372002066268,817.6339391078593,1014.4917854366416,969.0399439383322,421.5125895733351
2016-05-23,168.57140885883814,996.2497408132704,4629.145646179845,1553.082945908051,742.5805994807647,803.4065820160663,908.7103013314646,388.2186575504569
2016-05-24,169.42534842003587,950.1404216104136,4276.845726229654,1512.518633311195,707.7495279679018,768.3706659756414,907.4780658724598,379.005916770758
2016-05-25,176.38029529460465,890.5298352724341,4206.043093480388,1549.8854697070326,692.312721265046,740.8951023581238,851.67119831815,379.5279731773059
2016-05-26,236.98902994342487,865.7574012210575,4125.4311571644575,1397.7437827466608,674.711293367949,818.5021508162737,837.4279607568325,357.86305962790084
2016-05-27,192.386021802125,861.7133394770187,3924.3239348928223,1161.903844734706,653.7217370781214,891.7451153148484,816.959985984583,366.4160804680823
2016-05-28,153.3991996688285,849.7150673885498,4095.730410032909,1151.0712862519372,720.0136889308473,832.9915003887018,838.3190609670638,397.6354611794096
2016-05-29,142.30246998758108,959.529835272434,4282.092146224318,1266.702309792635,777.3449964597593,959.4672194869136,888.1693763139453,405.5243573729538
2016-05-30,158.47895680971436,988.1258495565028,4454.699101663257,1486.6149361670723,765.2248642907717,788.8710028504794,850.581359495445,370.736112024193
2016-05-31,177.26169449427348,919.6193410897362,4304.555634617095,1503.7809017784666,717.7416214302573,691.0412542109354,815.1532585844429,352.2337781868385
2016-06-01,178.57209879950324,951.0009215528164,4191.346926976786,1486.1921629400044,735.498052867595,692.1541850220265,808.5559915907498,360.7412398921833
2016-06-02,174.64392162274044,916.9307683446608,4062.752557146669,1431.195040956387,859.4968727873495,705.0216118165328,815.0972669936931,352.77286174479
2016-06-03,162.02994342486545,901.5733210459624,3995.925998399004,1225.7044498560992,655.582192589096,828.7822752008292,796.2476524176594,349.9564131220827
2016-06-04,149.97578308265489,914.6774565142264,4473.2234279107,1171.060143162866,748.5470852017937,893.2350349831563,894.0383321653819,377.95720202485046
2016-06-05,163.20456740720297,972.979668240986,4778.22996531175,1311.9860526898383,782.9693179136182,971.884166882612,882.8359495444989,401.477286174479
2016-06-06,168.08099903408308,1033.60782167953,4784.376678822378,1510.319754999631,681.6283927307057,810.8585125680228,907.1882971268396,360.9529288015252
2016-06-07,159.748240651304,912.8285335790808,4448.653517744374,1532.7709394140654,667.3015695067264,823.3497279087846,855.9870357393132,346.9499046742489
2016-06-08,152.6530288395198,930.0034558230618,4423.972694120786,1550.5875581137925,714.4824758083549,770.463747084737,867.3089698668535,355.242982052462
2016-06-09,157.78508348282048,940.4891141573552,4324.659921729076,1436.1275182643346,648.6649752183148,768.7603005960093,849.8360896986685,401.6219183485636
2016-06-10,152.89554298330344,952.5834005298929,4308.997598505737,1242.3149583056602,717.7806230823696,835.4988338947913,863.5585143658024,409.51002563934
2016-06-11,156.25355319442528,961.31620781016,4698.797296095348,1082.439819939488,717.0767052159547,836.1420057009587,871.5554309740714,424.21957793701927
2016-06-12,163.56050779632952,1225.7340744153898,4957.112425509205,1371.2865471182938,762.6902289355676,997.308110909562,924.2286615276804,433.0518703569785
2016-06-13,189.1155650614047,1156.1606381753254,5049.615494085208,1444.3598258431111,735.577000236016,950.8773775589532,920.1472319551508,374.04575636052857
2016-06-14,194.0192493445564,1109.6232576892064,4915.00044472116,1573.4083831451553,729.2253363228699,776.2570095879762,892.9881569726699,382.5688646374334
2016-06-15,204.17324410100733,1001.1018315862228,4495.959841679267,1439.67234890414,712.5987137125325,849.8975900492355,901.778626489138,351.7441982775623
2016-06-16,205.6637919138954,1042.4285796567217,4348.788979809659,1314.112021253044,683.5141609629454,875.3685410728168,889.5362298528381,343.75642627046216
2016-06-17,187.85352559679868,961.4359520792536,4154.973005425598,1213.394804811453,669.9979938635827,845.547240217673,838.464050455501,352.3104332391033
2016-06-18,179.030288395198,875.2243405137657,4214.49933291826,1071.7926352298723,645.0473212178429,823.7984451930552,770.631184302733,365.32088620077576
2016-06-19,190.43052297502416,994.0440041469876,4636.546339944855,1168.0699579366835,712.141019589332,977.0513604560768,857.9523475823406,393.026625468411
2016-06-20,193.0090382227129,1031.9420573666628,5189.340522992084,1372.894767913807,700.2836912910078,788.2008292303706,908.161667834618,362.1525869436592
2016-06-21,174.432937767352,1026.8640709595668,4461.276883394112,1422.0035421740092,690.8730823696011,755.6917336097434,875.4266292922215,356.99901387154034
2016-06-22,162.8932661791086,982.3446607533696,4545.810326425331,1337.5741273706738,688.4058295964126,942.066701217932,857.7388227049755,354.6244822825587
2016-06-23,142.29715744445977,891.1143877433475,4378.716090011562,1213.9785993653604,644.7654000472032,812.7135527338688,775.8838822704976,353.645256722109
2016-06-24,131.41113564233476,913.9902660983756,4412.881971004181,1122.028927754409,672.6571276846826,1044.0179321067635,787.3386124737211,368.6835185063441
2016-06-25,112.13233061956672,902.016645547748,4377.322556257227,1015.7115342041178,670.6247344819448,922.1040684115056,735.9876664330764,412.1920320820459
2016-06-26,123.07637643162688,1121.2514111277503,4620.206039313351,1141.9530661943768,790.1282747226811,915.5942990412024,786.6224246671338,410.4857668792321
2016-06-27,128.82165033807092,1277.386361018316,4800.676687716802,1425.8422994612945,773.9472504130281,781.3109613889609,847.5980378416258,365.1400302412728
2016-06-28,137.3636677245757,1080.2755442921325,4538.492083963355,1311.919194155413,699.7397923058768,819.9904638507385,795.9676944639103,360.7294720925646
2016-06-29,145.32130536773838,903.1669162538878,4331.0607933825495,1297.7637812707549,635.8481236724098,888.3857994299041,737.813244569026,353.3884031293143
2016-06-30,127.02159514281772,937.3767423107936,4700.851863381659,1130.8718913733303,652.5830776492802,805.1011661052086,735.2343377715487,339.9821839458287
2016-07-01,122.95756864909616,904.202914410782,4405.402294761185,1025.872555530957,688.0902171347651,783.7590049235554,751.221023125438,372.0656761554138
2016-07-02,109.0582999862012,936.1607533694277,4542.165836520501,995.401667773596,725.6927071040831,902.9788027986524,756.8343377715487,369.00933534941817
2016-07-03,118.58306885607838,1035.4439004722958,4593.441385751135,1062.9917349273117,765.3821099834789,884.2301632547292,791.712543798178,385.60541713233846
2016-07-04,127.1798675313923,893.593076834466,4823.538690740906,1135.183897867316,684.1871607269294,779.7798911635139,762.289488437281,371.9739004667675
2016-07-05,122.22906030081413,907.0237299850248,4781.418438139287,1192.2374732492067,638.4906773660609,842.8252915263022,782.488437281009,397.12997173098415
2016-07-06,134.55595418793985,963.5541412279692,5376.906430667971,1157.5458637738911,637.2143615765872,962.366675304483,795.9557112824107,372.909144697916
2016-07-07,124.62536221884918,955.1962907499136,4564.204705149871,1144.0473765773745,724.3782157186689,917.4191759523192,854.4322354590049,379.933863651305
2016-07-08,122.11915275286326,830.5512037783666,4085.6423552432634,985.2893513393846,644.0805994807647,822.889660533817,778.4518570427471,443.0500953257511
2016-07-09,107.74265213191666,783.9214952194448,4381.853775682647,923.8413401225,604.0240736370073,908.27831044312,701.3896285914506,397.29314312011047
2016-07-10,105.93721539947563,980.7663863610184,5066.630703548874,1184.1278134455022,752.976870427189,1018.1861622181912,881.9718290119131,415.4897113930708
2016-07-11,127.40023457982612,1032.6509618707523,5156.444587743485,1170.3760608073203,724.8664149162144,955.512619849702,885.9832515767345,376.0123594766945
2016-07-12,130.1188767765972,996.4471259071536,4477.339010940141,1165.1926795070474,687.344288411612,910.3875615444416,764.2549404344779,416.5642627046217
2016-07-13,125.949703325514,1031.6082248588873,4336.659565952148,1129.3717068851008,626.6290417748407,852.0260689297745,775.7631394533987,388.223325225166
2016-07-14,121.28673934041672,918.7894827784818,4278.533843280264,1085.670651612427,664.74610573519,775.2394402694998,815.2349684653118,390.4949707448557
2016-07-15,118.87739754381124,859.535249395231,4170.839277772837,1037.7205372297246,589.2494099598773,782.8630733350609,734.7868955851436,388.68259811978174
2016-07-16,106.75493307575547,772.0173367123604,4324.235301965668,886.8388310825769,566.0947604437101,893.6109354755118,691.7709180098108,381.5921372690816
2016-07-17,105.14336967020836,843.5693468494413,4589.278484390287,974.9659803704524,577.4625324522068,982.839129308111,746.1640504555011,410.8496482808494
2016-07-18,134.91465433972678,836.2372998502477,4630.42470870764,1097.049147664379,596.5275548737314,1018.0221300855144,748.3565522074282,379.4736046282296
2016-07-19,118.3583551814544,802.1284414237991,4788.102686115805,1079.2915651981405,609.1137007316497,780.4202124902824,757.8604064470918,383.9153901781605
2016-07-20,114.64440458120602,820.5135353069923,5970.042871119808,1073.5266769980076,605.7016757139486,778.1114278310444,1027.3997196916607,370.0671224771546
2016-07-21,124.34269352835656,840.7352263564105,7356.625100062261,1063.3332595380414,617.4494335614822,759.4972272609484,1362.7430273300631,369.0982841364802
2016-07-22,120.35490547812888,818.5311024075568,8101.153517744374,1006.0533539960152,628.2566084493745,812.6350868100544,1802.1587245970568,371.29393202287815
2016-07-23,103.93928522147095,780.2449602580348,8017.783598683625,864.6716109512213,614.4286641491622,764.401295672454,2063.5362999299227,363.0581158372231
2016-07-24,108.34559127915,836.5174519064624,8440.598683625367,963.4405578924064,638.9997049799387,955.622337393107,2483.88815697267,395.2232594832687
2016-07-25,132.27024975852078,855.5059900933072,8797.02868451481,1100.4849826581064,658.8549681378333,760.4753044830267,2858.5784863349686,384.9620011833542
2016-07-26,122.16206706223264,799.8634373920055,8881.47651872276,1108.3269869382334,611.5244866650933,755.5607670380928,2938.4072880168187,364.2976135691276
2016-07-27,121.16869049261764,841.1402488192605,8528.325535888998,1077.1284776031289,630.8317205569979,743.8598082404768,3062.9466012613875,362.4367891657353
2016-07-28,117.59962743204083,837.2705909457436,8388.630659076758,1108.719356505055,631.7560184092519,685.4898678414097,3105.4666433076386,363.1387811452239
2016-07-29,116.77135366358492,774.7470913489229,8051.910833407453,1006.8955796620176,623.6742388482417,760.4251878725058,3031.829081990189,367.8173690092696
2016-07-30,102.70263557334069,696.0013823292247,7758.9219514364495,858.720906206184,614.5107387302337,816.1561026172584,2817.390819901892,389.9393859706791
2016-07-31,110.02104319028564,817.8933302614906,8263.213999822112,970.7397240056084,643.4872551333491,953.8444156517232,2846.5421163279607,393.924988495168
2016-08-01,122.60914861321926,806.9716046538417,8537.447478431024,1078.700833886798,665.0646093934388,816.9864731795802,3069.029992992292,391.32818355137726
2016-08-02,140.51297088450394,852.3800253427024,8154.182602508227,1086.3211571101765,658.7206160018882,804.663747084737,3088.6889278206027,382.5322464006311
2016-08-03,143.6234303849869,817.5359981568944,7254.996842479765,1151.9225149435465,642.3266462119424,831.3368230111428,2829.6859845830413,369.5358622049832
2016-08-04,129.04995170415344,819.5577122451331,6730.938806368407,1073.3694192310531,679.0319801746518,838.2309406582016,2533.8221443587945,376.13233843928737
2016-08-05,128.9167241617221,813.2724916484276,6896.24468558214,1052.4038816323518,641.0584729761624,836.7605079036019,2309.189698668536,384.7967917954112
2016-08-06,115.5563681523389,729.1083976500403,7570.466912745708,1043.9229577152978,604.1252065140429,807.8855143819642,2085.326629292221,376.31122214187104
2016-08-07,117.28694632261626,765.1336827554429,7754.181668593792,1080.948712272157,660.0485603021006,906.911324177248,2116.8245269796776,391.4897771349681
2016-08-08,133.7510694080309,836.4100334062896,8513.699991105577,1262.823407866578,631.0951144677838,975.3496760818864,2374.634267694464,400.164157517586
2016-08-09,131.9463916103215,849.3395346158277,8203.498710308637,1306.0903992325289,643.4679018173235,864.6340502720913,2462.9971268395234,388.8991519295247
2016-08-10,154.3296536497861,859.5969358368851,8659.14248865961,1305.1805032838904,628.4545079065376,830.1842964498575,2630.603784162579,397.9418184208796
2016-08-11,129.41106664826825,866.8186844833544,8252.461709508138,1261.5623201239762,637.6656242624498,886.544337911376,2695.005466012614,394.0100585102886
2016-08-12,129.18407616944944,878.2758898744385,8361.500756025971,1108.4472732639658,671.9158602784989,945.4992485099768,2792.447091800981,382.429754782723
2016-08-13,107.54898578722228,806.0882962792305,8354.690607489105,1009.407940373404,625.4696129336795,850.9629437678155,2554.0644709180096,377.2790086121885
2016-08-14,117.04657099489444,877.4266789540376,8574.047674108335,1083.1272968784592,668.1054401699315,954.6722466960352,2737.596986685354,394.6424298205246
2016-08-15,122.74844763350352,860.7394309411358,8798.6193631593,1325.198656925688,683.5801274486665,939.1420057009587,3010.5872459705674,430.2003813030044
2016-08-16,134.79350075893473,853.8727105172215,7769.307213377212,1360.9193417459967,642.4112579655416,943.2957761078,2733.9283111422565,382.50575241601473
2016-08-17,136.6402649372154,854.632070038014,4977.416436894067,1343.6028337392074,644.0798324286052,915.693910339466,803.9717589348284,383.07698376175136
2016-08-18,125.81102525182834,859.8744384287525,4867.15556346171,1311.3776843037415,682.6651522303516,970.3416429126715,792.731184302733,375.3736112024193
2016-08-19,152.2858424175521,819.8515723994932,4756.642533131727,1201.0616190687035,710.2152466367713,951.0613630474217,809.1224947442187,394.4407994214713
2016-08-20,126.6765558161998,802.3757055638752,4838.377612736814,1054.6029075344993,687.8755015341043,975.2933920704846,808.0800981079187,408.6996252711853
2016-08-21,116.20518835380156,919.5164151595438,5317.213732989416,1267.9160209578629,730.7510030682087,988.9883907748122,897.0486334968465,454.7920583788048
2016-08-22,134.60369808196495,879.3593480013823,5266.544738948679,1391.557597225297,663.5325112107623,876.3955428867582,815.1459004905396,394.49996712905136
2016-08-23,129.30612667310612,826.0790231540145,4916.355554567286,1461.9470149804442,643.8637007316497,1093.8817828452968,798.735248773651,373.9805403983959
2016-08-24,171.58693252380294,816.4788618822716,4672.29240416259,1545.0431702457383,632.5598890724569,922.3667271313813,741.4482831114226,369.1892051804615
2016-08-25,134.7307851524769,808.2444418845755,4512.399626434226,1606.8659877499815,623.1817323578003,863.505519564654,748.814576033637,403.9149957267767
2016-08-26,146.17289913067475,760.040893906232,4382.595703993596,1244.1251568149953,619.9820627802691,962.2736978491836,736.1173791170287,379.9385313260141
2016-08-27,140.7785980405685,683.3241562032024,4841.23792582051,1023.5609180134308,607.0401227283455,908.8788287121016,686.3817799579538,385.2865689303793
2016-08-28,136.57754933075756,813.2494528280153,5207.694654451659,1325.9121098073942,665.0561718196838,1158.135475511791,711.869516468115,412.4727499835645
2016-08-29,142.22064302469988,883.765695196406,5914.34732722583,1662.6206921998375,683.1447958461175,877.1274423425758,774.1842326559215,370.4077312471238
2016-08-30,132.78397957775633,838.9508121184195,6369.295695099173,1652.6312449265736,657.7953740854379,840.6812645763151,786.043377715487,360.6670830320163
2016-08-31,189.33379329377672,804.8384402718581,6410.2800409143465,1611.462548889381,647.4121430257258,780.3914485618036,726.7937631394534,381.7673394254158
2016-09-01,228.95336001103905,814.0369197097109,6327.620608378546,1542.5356062283226,633.7838683030446,911.0642135268204,714.647792571829,338.5781342449543
2016-09-02,226.0785152476887,790.7484160810966,6370.529751845593,1275.7418640690723,602.4168633467076,813.1622181912412,813.3765942536791,349.53349549668
2016-09-03,173.49461846281218,735.5549475866835,6656.243529307125,1037.3917792044867,628.971678074109,893.3421093547552,831.8523475823406,399.9270264939846
2016-09-04,158.86559955843796,908.2533118304344,6766.385662189807,1336.0730573389417,730.0431319329714,949.250531225706,846.633216538192,429.9963184537506
2016-09-05,139.67145025527805,904.5161271742888,6078.291603664502,1578.7538927016456,732.9893202737786,854.8099507644467,816.8548002803084,405.6817434751167
2016-09-06,150.9926176348834,860.918212187536,5656.552121319933,1625.5964873441071,691.359216426717,826.3175434050272,823.7290119131044,366.727434093748
2016-09-07,155.98799503242722,840.5144568598088,5050.337632304545,1677.9083462475094,703.4907953740855,779.8629178543664,803.0698668535389,355.8090855302084
2016-09-08,151.61425417414102,802.8728257113236,4643.476385306413,1521.0938676112464,696.3657658720794,740.6570095879762,832.645059565522,333.31030175530867
2016-09-09,135.60528494549467,828.875590369773,4473.317931157165,1292.3782008707844,655.0156360632523,721.0870173620109,824.6463910301331,337.3183880086779
2016-09-10,116.76583413826413,761.9532887916139,4906.679578404341,1047.823998228913,653.5364644795847,861.0192277792174,794.5619481429572,384.6628098086911
2016-09-11,128.63095073823652,879.3718465614561,5117.0799608645375,1295.7397978009003,737.7533632286995,933.1662088623996,881.2270497547302,404.43475116691866
2016-09-12,149.36394370084173,894.8663172445571,4916.760028462154,1552.981034609992,706.868952088742,848.8070484581498,878.1008409250176,344.7461705344816
2016-09-13,145.52932247826686,859.1202050455016,5121.731788668505,1749.42602021991,671.0171701675714,868.307126198497,851.369166082691,343.74038524751825
2016-09-14,143.48696012142955,844.1217601658796,5107.035355332207,1527.3812264777507,673.1865706868067,788.2861363047422,861.1323756131745,400.7780553546775
2016-09-15,147.4080309093418,833.9699343393618,5229.775727119097,1338.4371633089809,654.9611163559122,732.4183985488469,858.9877365101612,397.02754585497337
2016-09-16,146.99772319580515,835.3538762815344,4432.621586765098,1132.2480259759427,630.9474864290772,726.8208862399586,844.5653819201121,431.2272039971074
2016-09-17,131.30129708845038,833.48323925815,4705.979809659344,1029.2120876688068,681.9668397451027,756.5811868359679,802.0475122634898,459.7559003352837
2016-09-18,136.98199254864082,908.1740582882156,4972.920350440274,1254.2212382849975,711.0234835968846,955.0768592899716,930.6395234758234,449.6742488988232
2016-09-19,149.69456326755898,900.2686902430596,5238.11349283999,1466.482547413475,682.6495161670994,1088.3082663902564,902.7619481429572,374.4026691210309
2016-09-20,158.3233751897337,869.4604884229927,4664.956684159032,1536.9257619363884,687.2727165447251,778.583519046385,864.5103013314646,353.94083229241994
2016-09-21,153.2766662067062,857.63742656376,4824.710708885529,1543.6636410597005,699.7381991975454,805.4124902824566,914.8194814295724,359.1279337321675
2016-09-22,154.40947978473852,837.0559843336022,4695.042648759228,1533.7026049738026,658.1211942412084,961.3722726094844,863.1620882971268,347.9909933600684
2016-09-23,161.20870705119358,815.8638981684138,4638.736991906075,1283.5970039111503,648.3380929903234,836.3697849183726,856.5829011913105,362.5515087765433
2016-09-24,144.83676003863667,723.2935721691049,4638.734323579116,1009.2560696627556,644.3477106443238,877.1433532003109,782.783391730904,373.9954638090856
2016-09-25,128.70222160894164,813.8891256767654,4966.539179934181,1223.330307726367,760.0210644323814,952.6703809277014,872.82880168185,386.83426467687855
2016-09-26,150.86994618462813,922.2838382674807,5011.566174508584,1490.872112759206,784.2704153882464,857.1884426017103,868.8049053959355,366.9181513378476
2016-09-27,138.07147785290465,889.7840110586338,4998.847193809482,1536.7169950557154,745.2360750531036,730.5694221300855,980.2373510861948,416.6753007691802
2016-09-28,145.23595970746516,865.6113350996429,4905.699991105576,1517.939192679507,767.5730469671938,784.0008292303705,840.9821303433777,405.3270001972257
2016-09-29,151.6770387746654,877.2941481396152,4760.183447478431,1453.616854844661,744.5373495397687,774.79352163773,851.2807988787666,342.5668923805141
2016-09-30,168.704843383469,836.6177283723073,4543.6158943342525,1167.093055863036,685.9936865706868,786.2784659238145,801.7367904695164,340.4188416277694
2016-10-01,139.57030495377398,879.224858887225,4866.402783954461,1036.3067670282635,749.2635709228227,821.0869137082145,772.8039943938332,384.76497271711264
2016-10-02,115.9886159790258,1012.3704642322313,5122.662145334875,1211.295328758025,803.9989379277791,897.7590567504535,853.308829712684,394.7232923542173
2016-10-03,138.16199806816613,1169.2050455016704,5410.9250200124525,1493.2618256955209,779.9628274722681,855.4872246696035,870.2669236159776,345.9641706659654
2016-10-04,132.25272526562716,1047.7525054717198,5215.406386195855,1533.8602317172165,691.9388718432854,804.5459963721171,923.8767344078486,352.8211162974163
2016-10-05,148.88202014626742,954.6149637138578,5648.576358623143,1529.348166186997,708.2405003540241,751.0140969162995,1304.256482130343,330.89178883702584
2016-10-06,183.43107492755624,849.797373574473,5627.126389753625,1425.5933141465575,716.49480764692,716.8602746825602,1501.3838822704977,322.9109854710407
2016-10-07,166.2825996964261,832.4735629535768,4450.651294138575,1261.7059995572283,700.4681378333727,724.3035501425239,867.4974772249475,333.98448491223456
2016-10-08,126.41286049399751,796.4129708558921,4860.525927243618,1002.7963987897572,769.7580835496814,852.640424980565,871.5913104414857,424.7649069752153
2016-10-09,160.3511108044708,916.3390738394194,5353.026638797474,1207.2340048704891,851.7237432145386,879.7005960093288,959.0568325157674,448.2335152192492
2016-10-10,153.83469021664138,938.970510309872,5346.12821311038,1410.2899417017195,802.5453740854379,908.1440787768852,930.8938332165382,430.74413253566496
2016-10-11,147.9240375327722,903.7835502822256,4685.793560437605,1491.5947162571028,755.9820037762568,858.917802539518,875.9606166783461,350.001051870357
2016-10-12,149.3804332827377,866.6791268287063,4658.4187494440985,1608.3215998819276,902.5121548265282,731.9894273127753,902.8528381219342,350.8796265860233
2016-10-13,156.26383331033531,913.8634949890566,4775.535266387975,1459.6753007158145,870.5663205097947,727.8479398807981,924.913244569026,378.5449345868122
2016-10-14,134.40554712294744,979.2296394424606,4594.558703193098,1241.5189284923622,698.6177720084966,731.8043016325473,998.1082690960056,386.7668134902373
2016-10-15,134.0240099351456,800.7906347195023,4903.726407542471,1018.874695594421,694.4546259145621,739.914226483545,1135.3737911702874,401.84826770100585
2016-10-16,142.13709121015592,947.9238566985372,5183.324246197634,1396.720389639141,856.854437101723,884.9319512827158,1182.065732305536,418.111563999737
2016-10-17,174.25810680281495,954.3039972353416,5375.84554834119,1466.245221754852,717.1776610809535,818.4603783363566,966.7092501751928,378.2380514101637
2016-10-18,163.15785842417552,908.8480013823292,5030.572845325981,1520.0160873736256,667.4943356148218,757.2602746825603,927.0767344078488,372.8261784235093
2016-10-19,165.64136884227958,918.738221403064,4988.146980343325,1551.2406464467567,654.7120604201085,747.3518009847111,900.3609670637702,361.3581618565512
2016-10-20,136.9403891265351,908.3378067042968,5076.027172462866,1494.3032986495462,637.1525253717252,766.5732573205494,886.3003503854239,363.8069160475972
2016-10-21,129.72692148475232,904.8065315055868,4644.939784754959,1341.1905394435837,599.8826410195893,824.4380409432496,866.864400840925,406.9983564525672
2016-10-22,123.50558851938732,814.0491878815805,4742.223828159744,1082.1039775662314,632.9115529856031,792.4947395698367,910.3790469516468,408.0117020577214
2016-10-23,126.4777149165172,926.5637599354912,5075.0531441786,1265.131650800679,736.1915860278499,896.3180098471106,971.138332165382,427.73578331470645
2016-10-24,138.97398923692563,923.9204008754753,5287.813128168638,1559.4778983100878,695.9720320981827,827.2669603524229,933.1149964961456,396.9330747485373
2016-10-25,137.3752587277494,897.2353991475636,4977.923507960509,1585.515164932477,636.2911848005664,818.0355014252397,878.0013314646111,381.6104792584314
2016-10-26,135.47226438526286,870.4268517451907,4799.969847905363,1512.168622241901,621.4268350247817,690.6653537185799,889.4583742116328,365.2416672145158
2016-10-27,126.68352421691736,902.717659255846,4757.323712532242,1418.210464172386,615.8889544489025,832.2487691111687,863.3213034337772,355.5344158832424
2016-10-28,137.6770387746654,875.955247091349,4375.27114649115,1197.038152165892,627.6655062544253,831.425239699404,865.5475122634898,351.0896719479324
2016-10-29,116.7300952118118,796.1536113350996,4613.078582228943,970.9099697439304,619.0649634175124,809.5516455040166,864.1697266993693,374.8445204128592
2016-10-30,122.82096039740584,929.7223822140306,5061.684870586142,1168.497970629474,641.5613051687515,851.5680228038352,913.718640504555,406.3271974229176
2016-10-31,131.7127087070512,927.4429213224284,5236.117317441964,1328.2623422625636,632.5794194005192,742.6114537444934,998.999299229152,368.2986654394846
2016-11-01,128.8435904512212,989.9631378873402,4919.633549764298,1322.4850564533983,692.6207222091102,706.6375745011661,964.3866152768044,338.4906975215305
2016-11-02,137.4409410790672,954.69162538878,5092.716356844258,1375.7137480628735,658.6907599716781,688.9994817310184,959.93728100911,331.725330353034
2016-11-03,133.56237063612528,884.6867872364935,5286.386596104243,1401.8902664010036,633.6933561482181,748.4429126716766,981.9398037841626,345.6159358359082
2016-11-04,134.01614461156342,873.7125331183043,4907.706884283554,1243.039037709394,627.0417748406892,778.3783363565691,983.796986685354,340.0771809874433
2016-11-05,118.21843521457154,850.8453519179818,5172.4557057724805,1072.1285513984208,706.5552277554874,759.3481731018398,989.8503153468816,369.6980474656498
2016-11-06,126.97378225472607,1043.6214721806243,5542.264208841057,1293.717216441591,796.186629690819,829.0965535112723,1041.0803083391731,405.5708368943528
2016-11-07,142.02504484614323,1017.4337633913144,5641.634528150849,1491.62157774334,685.3472976162379,697.8490282456595,1032.2845830413455,377.6469002695418
2016-11-08,144.19635711328826,990.5195254002996,5685.975896113137,1660.9499667921186,706.0338092990323,716.5494169473957,1056.5912403644008,384.2788771283939
2016-11-09,133.37339588795365,1324.3355604193066,7939.160188561772,2182.4912552579144,959.1657422704744,808.8297486395439,1561.4129642606867,526.0867135625534
2016-11-10,133.83676003863667,1025.9899781131203,6460.865872098195,1676.5820972621946,735.9043544961057,716.9691111686966,1142.848423265592,372.4264676878575
2016-11-11,128.0396025941769,1035.7351687593596,5764.854531708619,1405.266401003616,808.98572102903,859.3480176211453,1026.9786965662229,375.69443166129776
2016-11-12,121.7825307023596,921.6463541066696,5590.971093124611,1137.0287063685337,835.0338092990323,772.7268204197978,1013.201051156272,397.3113536256656
2016-11-13,120.88705671312267,1043.4694735629537,6089.273325624833,1329.9422182864732,776.1483360868539,831.7135009069707,1098.3159074982482,406.351784892512
2016-11-14,143.26748999586036,1058.56145605345,6256.699857689229,1560.2037488008266,737.5052513570923,813.2346203679709,1078.0100210231255,372.78035632108345
2016-11-15,133.79902028425556,968.8352148370004,5570.448101040647,1598.1565936093275,711.1361222563135,737.5436123348018,1085.6975473020325,361.6251397015318
2016-11-16,137.01593762936386,994.8662020504552,5390.3362981410655,1492.008929230315,693.7593226339391,742.4334801762114,1001.8086194814296,368.6893695352048
2016-11-17,139.53939561197737,954.7341320124408,5127.989504580628,1390.5492583573168,654.8855322161907,753.3555843482768,986.195234758234,393.46873972782856
2016-11-18,130.02035324962054,902.6084552470912,4899.017788846393,1220.475167884289,623.9678428133113,784.5542886758227,970.2375613174491,348.93261455525607
2016-11-19,119.61618600800333,907.3484045616864,4959.390153873522,1006.7407571396944,673.182322397923,785.9907748121275,999.3062368605466,385.63033331141935
2016-11-20,122.58707051193598,1004.219214376224,5087.896068664947,1139.1439008191278,782.1607859334434,835.5949727908785,1063.4740014015415,413.54986522911054
2016-11-21,139.0644404581206,960.2852205967056,5498.646179845237,1325.4469780827983,720.4680198253482,748.6484581497797,994.3676944639104,374.4153573072119
2016-11-22,138.34207258175798,942.6481972123028,5562.119363159299,1486.3642535606227,657.0771182440405,708.4888831303447,1006.673580939033,385.5755703109592
2016-11-23,138.68159238305506,886.7716852897132,5054.510673307836,1482.33717068851,661.1335850837856,780.2597564135787,974.0459004905396,356.78982315429624
2016-11-24,135.04394922036704,922.2694390047228,4755.9392066174505,1351.5458637738911,684.3816379513806,693.2321326768592,957.3982480728802,349.2917625402669
2016-11-25,127.62122257485856,855.224858887225,4628.736636129147,1138.9250239834698,629.6568916686334,760.544337911376,923.1387526278908,347.7267109328775
2016-11-26,123.25720987995032,863.611450293745,5253.928355421151,1196.0568223747323,715.1410785933443,794.9564135786474,1055.1845830413454,430.2531720465453
2016-11-27,133.3562853594591,1034.8898168413778,5480.8373209997335,1359.996384030699,807.6341161198961,859.4888831303447,1116.0198318149965,429.9314969430018
2016-11-28,139.3207534152063,1039.8744384287525,5031.800675976163,1412.7428972031585,706.9856620250177,719.6040943249546,1085.5103714085494,356.7324304779436
2016-11-29,155.6370222160894,965.6327036055754,5154.848839277773,1615.6699874548003,708.0491503422232,821.7742938585126,1134.1177995795374,365.6942344356058
2016-11-30,141.1651717952256,879.4576085704412,4793.657475762697,1406.31931222788,659.7886476280387,680.5543923296191,1065.791240364401,355.163960291894
2016-12-01,139.59362494825444,870.7113811772837,4772.038868629369,1267.1445649767545,627.2814491385415,715.7616480953615,1083.3618780658724,344.3475116691868
2016-12-02,134.26383331033531,865.6835042045848,4695.654940852086,1137.8068039259094,615.448312485249,754.0805908266391,1020.7265592151366,345.6576161988035
2016-12-03,127.97157444459776,817.2253196636332,5316.38241572534,917.5410670799204,683.4814137361341,790.2664939103395,1030.8585844428871,369.5350733022155
2016-12-04,145.2409962743204,963.4676304573206,5339.478608912212,1073.1277396502103,814.1322279915034,865.4434827675564,1075.0628591450595,390.8174347511669
2016-12-05,153.21284669518425,942.4027185808088,5460.538779685137,1210.477234152461,737.3802808590984,764.2963462036797,999.4997196916607,356.8640457563605
2016-12-06,148.8273768455913,891.0046077640825,5423.125189006493,1289.0590362334883,733.4258909605853,720.9265612853071,978.6460406447092,349.7187561633029
2016-12-07,145.65910031737272,892.7560764888838,5114.482744818998,1178.7456276289572,686.3605735189993,889.0007255765743,939.009880868956,340.36986391427257
2016-12-08,143.0180764454257,971.5273585992396,5021.173129947523,1137.8698251051585,674.9270120368185,780.7716506867064,965.9293622985284,324.27013345605155
2016-12-09,168.8240651303988,931.1592558461008,4624.299475229032,1023.746365581876,669.5418928487137,844.0582534335321,934.7301331464612,344.58483991848004
2016-12-10,155.58624258313785,794.2036631724455,4786.77092413057,867.2267729318869,682.4588151994336,809.5203420575278,962.7814996496146,362.3626980474656
2016-12-11,158.43659445287705,950.11507890796,5013.644667793294,967.1297321230904,751.5390606561247,863.9076444674786,990.00672740014,404.79330747485375
2016-12-12,158.56230164205877,949.6359290404332,5193.673218891755,1097.022728949893,750.6200141609629,784.1320549365121,984.2816398037842,353.691736243508
2016-12-13,145.5611977369946,898.2517567100565,4934.576981232767,1098.8238506383293,684.4004602312957,760.0935993780772,969.6590749824808,350.8523436986391
2016-12-14,147.09300400165586,954.8130399723534,5185.0524770968605,1159.4950188177995,658.9241798442295,832.0522415133454,970.655921513665,342.0159752810466
2016-12-15,142.59755761004553,880.5293168989748,4711.162323223339,1013.5530957124936,642.6610809535049,698.2213008551438,1003.5643307638402,330.4773519163763
2016-12-16,139.19228646336416,822.6866144453404,4449.926665480743,909.7234152461072,673.8674179844229,683.0172583570874,935.2016117729504,314.89882322003814
2016-12-17,139.40865185594038,777.0506854049073,4449.799697589611,842.9619954246918,703.5691527023838,775.9368230111428,940.274912403644,346.15988429426073
2016-12-18,135.67020836208087,904.3689091118534,5141.560081828693,982.6386244557596,808.6120486193062,946.1844001036538,1011.9853538892784,378.9197948852804
2016-12-19,141.8744997930178,1110.685923280728,5596.83856621898,1077.9148402331932,845.3167335378806,797.2008810572687,975.8293622985284,347.7712839392545
2016-12-20,166.3200634745412,895.6594862343048,5511.269812327671,1055.1653014537671,744.3441113995751,804.7921223114796,999.9883672039244,353.6732627703636
2016-12-21,231.2928798123361,895.6551088584265,5120.66441341279,1027.8696775145745,683.4759853670049,727.0186576833377,970.7407848633496,364.6842416672145
2016-12-22,136.02601076307437,862.5667549821449,5191.453437694566,931.3328905615822,658.2314137361341,687.5593677118425,908.7786965662228,335.9481296430215
2016-12-23,159.25582999862013,872.6538993203548,4850.360001778885,877.4204855730204,644.3058177956101,988.3788546255506,900.4455501051157,328.9669975675498
2016-12-24,130.40506416448184,850.6504434972929,5162.43845059148,840.1560770422847,622.7960821335851,869.9845037574502,889.1333566923616,346.0211031490369
2016-12-25,141.35062784600524,1312.4151019467804,5360.667704349373,862.0855287432662,672.2012036818504,830.8389738274165,1128.0974772249474,364.8177634606535
2016-12-26,149.49358355181454,1260.9642898283607,6036.850128969137,1142.166555973729,903.6973684210526,795.8364861363048,1131.5804484933426,365.9593715074617
2016-12-27,155.27018076445427,1119.5969358368852,6314.335275282398,1070.9234004870489,840.5902171347651,808.5414356050791,998.3740714786264,363.0669909933601
2016-12-28,178.56126673106112,1062.284068655685,6108.874143911768,1108.996753007158,783.5853788057588,807.4301632547292,945.0547302032236,369.04970087436726
2016-12-29,150.87353387608667,1033.9390623200093,6518.058525304634,1058.660320271567,763.2091692235072,883.7527856957761,909.352207428171,340.52632962987315
2016-12-30,156.04919276942184,981.7864301347772,5401.792359690474,807.5511770349052,710.5027731885768,979.2787768852036,815.4751226348984,342.7453158898166
2016-12-31,135.79205188353802,937.8428752447876,5280.643467046162,776.9343221902443,654.0606561246165,1228.7208084996114,902.6002102312544,352.18427453816315
